BEGIN;

TRUNCATE
  users,
  events,
  participants,
  followers,
  invites,
  bookmarks
  RESTART IDENTITY CASCADE;

INSERT INTO users (id, user_name, user_first_name, user_last_name, user_email, user_password, user_zipcode, user_employer, user_employer_address, user_no_of_followers, user_status, user_avatar, user_bio)
VALUES 
(1,  'user_1', 'Peter', 'Correa', 'smonksfield0@sbwire.com', '$2y$04$zSU5VoU8VRDKOkQhKb2b4O9O0.MZ7IJRePwLq3R.9J9F/q7cyRg3y', 33192, 'Photobug', '437 Kropf Pass', 5366, 'admin', 'http://dummyimage.com/160x102.bmp/cc0000/ffffff', 'Duis consequat dui nec nisi volutpat eleifend. Donec ut dolor. Morbi vel lectus in quam fringilla rhoncus. Mauris enim leo, rhoncus sed, vestibulum sit amet, cursus id, turpis. Integer aliquet, massa id lobortis convallis, tortor risus dapibus augue, vel accumsan tellus nisi eu orci. Mauris lacinia sapien quis libero. Nullam sit amet turpis elementum ligula vehicula consequat. Morbi a ipsum. Integer a nibh. In quis justo.'),
(2,  'user_2', 'Horten', 'Bullard', 'hbullard1@alexa.com', '$2y$04$zSU5VoU8VRDKOkQhKb2b4O9O0.MZ7IJRePwLq3R.9J9F/q7cyRg3y', 33388, 'Geba', '71376 Lakeland Terrace', 6820, 'user', 'http://dummyimage.com/221x110.jpg/ff4444/ffffff', 'Nulla neque libero, convallis eget, eleifend luctus, ultricies eu, nibh. Quisque id justo sit amet sapien dignissim vestibulum. Vestibulum ante ipsum primis in faucibus orci luctus et ultrices posuere cubilia Curae; Nulla dapibus dolor vel est. Donec odio justo, sollicitudin ut, suscipit a, feugiat et, eros. Vestibulum ac est lacinia nisi venenatis tristique.'),
(3,  'user_3', 'Cyndia', 'Lumbers', 'clumbers2@histats.com', '$2y$04$zSU5VoU8VRDKOkQhKb2b4O9O0.MZ7IJRePwLq3R.9J9F/q7cyRg3y', 34901, 'Demivee', '80740 Del Mar Court', 3217, 'user', 'http://dummyimage.com/181x148.jpg/5fa2dd/ffffff', 'Nam dui. Proin leo odio, porttitor id, consequat in, consequat ut, nulla. Sed accumsan felis. Ut at dolor quis odio consequat varius. Integer ac leo. Pellentesque ultrices mattis odio. Donec vitae nisi. Nam ultrices, libero non mattis pulvinar, nulla pede ullamcorper augue, a suscipit nulla elit ac nulla.'),
(4,  'user_4', 'Lucy', 'Garfitt', 'lgarfitt3@odnoklassniki.ru', '$2y$04$zSU5VoU8VRDKOkQhKb2b4O9O0.MZ7IJRePwLq3R.9J9F/q7cyRg3y', 34040, 'Aimbo', '58906 Hansons Court', 9128, 'user', 'http://dummyimage.com/136x188.png/cc0000/ffffff', 'Vestibulum ante ipsum primis in faucibus orci luctus et ultrices posuere cubilia Curae; Donec pharetra, magna vestibulum aliquet ultrices, erat tortor sollicitudin mi, sit amet lobortis sapien sapien non mi. Integer ac neque. Duis bibendum. Morbi non quam nec dui luctus rutrum. Nulla tellus. In sagittis dui vel nisl.'),
(5,  'user_5', 'Adela', 'Blundon', 'ablundon4@latimes.com', '$2y$04$zSU5VoU8VRDKOkQhKb2b4O9O0.MZ7IJRePwLq3R.9J9F/q7cyRg3y', 33486, 'Mydo', '853 Boyd Trail', 7049, 'user', 'http://dummyimage.com/156x127.bmp/5fa2dd/ffffff', 'Pellentesque ultrices mattis odio. Donec vitae nisi. Nam ultrices, libero non mattis pulvinar, nulla pede ullamcorper augue, a suscipit nulla elit ac nulla. Sed vel enim sit amet nunc viverra dapibus. Nulla suscipit ligula in lacus. Curabitur at ipsum ac tellus semper interdum. Mauris ullamcorper purus sit amet nulla. Quisque arcu libero, rutrum ac, lobortis vel, dapibus at, diam. Nam tristique tortor eu pede.'),
(6,  'user_6', 'Walker', 'Ixor', 'wixor5@godaddy.com', '$2y$04$zSU5VoU8VRDKOkQhKb2b4O9O0.MZ7IJRePwLq3R.9J9F/q7cyRg3y', 33991, 'Pixope', '353 Pankratz Way', 6031, 'user', 'http://dummyimage.com/212x241.bmp/5fa2dd/ffffff', 'In quis justo. Maecenas rhoncus aliquam lacus. Morbi quis tortor id nulla ultrices aliquet. Maecenas leo odio, condimentum id, luctus nec, molestie sed, justo. Pellentesque viverra pede ac diam. Cras pellentesque volutpat dui.'),
(7,  'user_7', 'Sophi', 'Palle', 'spalle6@forbes.com', '$2y$04$zSU5VoU8VRDKOkQhKb2b4O9O0.MZ7IJRePwLq3R.9J9F/q7cyRg3y', 34071, 'LiveZ', '631 Oak Hill', 4621, 'admin', 'http://dummyimage.com/103x107.jpg/ff4444/ffffff', 'In blandit ultrices enim. Lorem ipsum dolor sit amet, consectetuer adipiscing elit. Proin interdum mauris non ligula pellentesque ultrices. Phasellus id sapien in sapien iaculis congue. Vivamus metus arcu, adipiscing molestie, hendrerit at, vulputate vitae, nisl. Aenean lectus. Pellentesque eget nunc. Donec quis orci eget orci vehicula condimentum. Curabitur in libero ut massa volutpat convallis. Morbi odio odio, elementum eu, interdum eu, tincidunt in, leo.'),
(8,  'user_8', 'Justus', 'McFeat', 'jmcfeat7@apache.org', '$2y$04$zSU5VoU8VRDKOkQhKb2b4O9O0.MZ7IJRePwLq3R.9J9F/q7cyRg3y', 34692, 'Meemm', '7308 Dunning Park', 7913, 'admin', 'http://dummyimage.com/178x125.jpg/dddddd/000000', 'Donec dapibus. Duis at velit eu est congue elementum. In hac habitasse platea dictumst. Morbi vestibulum, velit id pretium iaculis, diam erat fermentum justo, nec condimentum neque sapien placerat ante. Nulla justo. Aliquam quis turpis eget elit sodales scelerisque.'),
(9,  'user_9', 'Tami', 'Blumire', 'tblumire8@rediff.com', '$2y$04$zSU5VoU8VRDKOkQhKb2b4O9O0.MZ7IJRePwLq3R.9J9F/q7cyRg3y', 34846, 'Ntags', '44776 Lukken Court', 5981, 'user', 'http://dummyimage.com/149x189.jpg/5fa2dd/ffffff', 'Vivamus vel nulla eget eros elementum pellentesque. Quisque porta volutpat erat. Quisque erat eros, viverra eget, congue eget, semper rutrum, nulla. Nunc purus. Phasellus in felis. Donec semper sapien a libero. Nam dui. Proin leo odio, porttitor id, consequat in, consequat ut, nulla. Sed accumsan felis. Ut at dolor quis odio consequat varius.'),
(10, 'user_10', 'Stella', 'Tyler', 'styler9@cloudflare.com', '$2y$04$zSU5VoU8VRDKOkQhKb2b4O9O0.MZ7IJRePwLq3R.9J9F/q7cyRg3y', 34522, 'Topiclounge', '34309 Del Mar Trail', 3683, 'admin', 'http://dummyimage.com/172x210.png/ff4444/ffffff', 'Donec odio justo, sollicitudin ut, suscipit a, feugiat et, eros. Vestibulum ac est lacinia nisi venenatis tristique. Fusce congue, diam id ornare imperdiet, sapien urna pretium nisl, ut volutpat sapien arcu sed augue. Aliquam erat volutpat. In congue. Etiam justo. Etiam pretium iaculis justo. In hac habitasse platea dictumst.'),
(11, 'user_11', 'Jody', 'Stollhofer', 'jstollhofera@oakley.com', '$2y$04$zSU5VoU8VRDKOkQhKb2b4O9O0.MZ7IJRePwLq3R.9J9F/q7cyRg3y', 34903, 'Meeveo', '250 Sommers Street', 9700, 'user', 'http://dummyimage.com/244x161.bmp/ff4444/ffffff', 'Lorem ipsum dolor sit amet, consectetuer adipiscing elit. Proin risus. Praesent lectus. Vestibulum quam sapien, varius ut, blandit non, interdum in, ante. Vestibulum ante ipsum primis in faucibus orci luctus et ultrices posuere cubilia Curae; Duis faucibus accumsan odio. Curabitur convallis. Duis consequat dui nec nisi volutpat eleifend. Donec ut dolor. Morbi vel lectus in quam fringilla rhoncus.'),
(12, 'user_12', 'Melba', 'O''Carrol', 'mocarrolb@slate.com', '$2y$04$zSU5VoU8VRDKOkQhKb2b4O9O0.MZ7IJRePwLq3R.9J9F/q7cyRg3y', 33967, 'Yodo', '02313 Sloan Terrace', 4580, 'user', 'http://dummyimage.com/185x141.bmp/ff4444/ffffff', 'Nulla ac enim. In tempor, turpis nec euismod scelerisque, quam turpis adipiscing lorem, vitae mattis nibh ligula nec sem. Duis aliquam convallis nunc. Proin at turpis a pede posuere nonummy. Integer non velit. Donec diam neque, vestibulum eget, vulputate ut, ultrices vel, augue.'),
(13, 'user_13', 'Jaquenette', 'Savidge', 'jsavidgec@goo.gl', '$2y$04$zSU5VoU8VRDKOkQhKb2b4O9O0.MZ7IJRePwLq3R.9J9F/q7cyRg3y', 34199, 'Meedoo', '24 Kropf Circle', 8843, 'user', 'http://dummyimage.com/168x156.png/dddddd/000000', 'Mauris sit amet eros. Suspendisse accumsan tortor quis turpis. Sed ante. Vivamus tortor. Duis mattis egestas metus. Aenean fermentum.'),
(14, 'user_14', 'Neddie', 'Doche', 'ndoched@vistaprint.com', '$2y$04$zSU5VoU8VRDKOkQhKb2b4O9O0.MZ7IJRePwLq3R.9J9F/q7cyRg3y', 34062, 'Ntag', '62 Mandrake Hill', 6480, 'user', 'http://dummyimage.com/212x184.bmp/ff4444/ffffff', 'Donec ut dolor. Morbi vel lectus in quam fringilla rhoncus. Mauris enim leo, rhoncus sed, vestibulum sit amet, cursus id, turpis. Integer aliquet, massa id lobortis convallis, tortor risus dapibus augue, vel accumsan tellus nisi eu orci. Mauris lacinia sapien quis libero. Nullam sit amet turpis elementum ligula vehicula consequat. Morbi a ipsum. Integer a nibh. In quis justo. Maecenas rhoncus aliquam lacus.'),
(15, 'user_15', 'Georgine', 'Sheldrick', 'gsheldricke@techcrunch.com', '$2y$04$zSU5VoU8VRDKOkQhKb2b4O9O0.MZ7IJRePwLq3R.9J9F/q7cyRg3y', 33348, 'Devpulse', '97739 Delaware Pass', 7916, 'user', 'http://dummyimage.com/143x134.bmp/dddddd/000000', 'Maecenas rhoncus aliquam lacus. Morbi quis tortor id nulla ultrices aliquet. Maecenas leo odio, condimentum id, luctus nec, molestie sed, justo. Pellentesque viverra pede ac diam. Cras pellentesque volutpat dui. Maecenas tristique, est et tempus semper, est quam pharetra magna, ac consequat metus sapien ut nunc.'),
(16, 'user_16', 'Jobie', 'Diehn', 'jdiehnf@freewebs.com', '$2y$04$zSU5VoU8VRDKOkQhKb2b4O9O0.MZ7IJRePwLq3R.9J9F/q7cyRg3y', 34035, 'Skilith', '5 Columbus Alley', 748, 'admin', 'http://dummyimage.com/221x150.png/cc0000/ffffff', 'Duis mattis egestas metus. Aenean fermentum. Donec ut mauris eget massa tempor convallis. Nulla neque libero, convallis eget, eleifend luctus, ultricies eu, nibh. Quisque id justo sit amet sapien dignissim vestibulum. Vestibulum ante ipsum primis in faucibus orci luctus et ultrices posuere cubilia Curae; Nulla dapibus dolor vel est. Donec odio justo, sollicitudin ut, suscipit a, feugiat et, eros. Vestibulum ac est lacinia nisi venenatis tristique. Fusce congue, diam id ornare imperdiet, sapien urna pretium nisl, ut volutpat sapien arcu sed augue.'),
(17, 'user_17', 'Aldo', 'Rihanek', 'arihanekg@ycombinator.com', '$2y$04$zSU5VoU8VRDKOkQhKb2b4O9O0.MZ7IJRePwLq3R.9J9F/q7cyRg3y', 34632, 'Skimia', '860 Acker Park', 3425, 'user', 'http://dummyimage.com/156x183.jpg/dddddd/000000', 'Praesent id massa id nisl venenatis lacinia. Aenean sit amet justo. Morbi ut odio. Cras mi pede, malesuada in, imperdiet et, commodo vulputate, justo. In blandit ultrices enim. Lorem ipsum dolor sit amet, consectetuer adipiscing elit.'),
(18, 'user_18', 'Jenn', 'Panchen', 'jpanchenh@reverbnation.com', '$2y$04$zSU5VoU8VRDKOkQhKb2b4O9O0.MZ7IJRePwLq3R.9J9F/q7cyRg3y', 34899, 'Npath', '9336 Holmberg Circle', 9735, 'admin', 'http://dummyimage.com/126x112.jpg/dddddd/000000', 'Ut at dolor quis odio consequat varius. Integer ac leo. Pellentesque ultrices mattis odio. Donec vitae nisi. Nam ultrices, libero non mattis pulvinar, nulla pede ullamcorper augue, a suscipit nulla elit ac nulla. Sed vel enim sit amet nunc viverra dapibus. Nulla suscipit ligula in lacus. Curabitur at ipsum ac tellus semper interdum. Mauris ullamcorper purus sit amet nulla.'),
(19, 'user_19', 'Miltie', 'Conkay', 'mconkayi@patch.com', '$2y$04$zSU5VoU8VRDKOkQhKb2b4O9O0.MZ7IJRePwLq3R.9J9F/q7cyRg3y', 33937, 'Yodel', '5596 Brickson Park Way', 4330, 'user', 'http://dummyimage.com/226x141.png/cc0000/ffffff', 'Donec quis orci eget orci vehicula condimentum. Curabitur in libero ut massa volutpat convallis. Morbi odio odio, elementum eu, interdum eu, tincidunt in, leo. Maecenas pulvinar lobortis est. Phasellus sit amet erat.'),
(20, 'user_20', 'Ashlan', 'Mitham', 'amithamj@comcast.net', '$2y$04$zSU5VoU8VRDKOkQhKb2b4O9O0.MZ7IJRePwLq3R.9J9F/q7cyRg3y', 34108, 'Avamba', '51184 Hayes Terrace', 6637, 'user', 'http://dummyimage.com/155x175.png/dddddd/000000', 'Nam ultrices, libero non mattis pulvinar, nulla pede ullamcorper augue, a suscipit nulla elit ac nulla. Sed vel enim sit amet nunc viverra dapibus. Nulla suscipit ligula in lacus. Curabitur at ipsum ac tellus semper interdum. Mauris ullamcorper purus sit amet nulla. Quisque arcu libero, rutrum ac, lobortis vel, dapibus at, diam. Nam tristique tortor eu pede.');

INSERT INTO events (id, event_name, event_description, event_location_name, event_address, event_date, event_time, event_host_id, event_no_of_participants, event_cover_img)
VALUES 
(1, 'nulla ac enim in', 'Aenean auctor gravida sem. Praesent id massa id nisl venenatis lacinia. Aenean sit amet justo. Morbi ut odio.', 'Reinger-Blick', '91528 Fallview Way', '2020-12-03T20:11:45Z', '10:17 AM', 16, 2163, 'http://dummyimage.com/237x119.jpg/ff4444/ffffff'),
(2, 'viverra diam vitae', 'Nulla mollis molestie lorem. Quisque ut erat. Curabitur gravida nisi at nibh.', 'Nolan LLC', '591 Longview Court', '2020-04-20T07:15:29Z', '6:45 PM', 7, 2924, 'http://dummyimage.com/164x191.bmp/dddddd/000000'),
(3, 'sapien in sapien iaculis congue', 'Aliquam augue quam, sollicitudin vitae, consectetuer eget, rutrum at, lorem. Integer tincidunt ante vel ipsum. Praesent blandit lacinia erat. Vestibulum sed magna at nunc commodo placerat. Praesent blandit. Nam nulla.', 'Hammes Group', '752 Dwight Point', '2020-12-13T15:06:30Z', '6:55 AM', 9, 6756, 'http://dummyimage.com/248x149.png/dddddd/000000'),
(4, 'aenean lectus pellentesque', 'Integer non velit. Donec diam neque, vestibulum eget, vulputate ut, ultrices vel, augue. Vestibulum ante ipsum primis in faucibus orci luctus et ultrices posuere cubilia Curae; Donec pharetra, magna vestibulum aliquet ultrices, erat tortor sollicitudin mi, sit amet lobortis sapien sapien non mi. Integer ac neque. Duis bibendum. Morbi non quam nec dui luctus rutrum. Nulla tellus. In sagittis dui vel nisl.', 'Schaefer, Schoen and Boehm', '1226 Nancy Junction', '2020-06-01T06:15:24Z', '10:49 AM', 10, 141, 'http://dummyimage.com/224x235.png/ff4444/ffffff'),
(5, 'ac enim in tempor turpis', 'Ut at dolor quis odio consequat varius. Integer ac leo. Pellentesque ultrices mattis odio. Donec vitae nisi. Nam ultrices, libero non mattis pulvinar, nulla pede ullamcorper augue, a suscipit nulla elit ac nulla. Sed vel enim sit amet nunc viverra dapibus. Nulla suscipit ligula in lacus.', 'Hickle, Swaniawski and Hackett', '3468 Elka Place', '2020-09-04T17:07:19Z', '1:32 PM', 10, 1200, 'http://dummyimage.com/150x246.bmp/5fa2dd/ffffff'),
(6, 'interdum mauris non', 'Cras pellentesque volutpat dui. Maecenas tristique, est et tempus semper, est quam pharetra magna, ac consequat metus sapien ut nunc. Vestibulum ante ipsum primis in faucibus orci luctus et ultrices posuere cubilia Curae; Mauris viverra diam vitae quam. Suspendisse potenti. Nullam porttitor lacus at turpis.', 'Sawayn, Heller and Homenick', '69 Boyd Junction', '2020-09-03T16:21:20Z', '9:48 PM', 2, 3996, 'http://dummyimage.com/163x173.png/cc0000/ffffff'),
(7, 'rhoncus mauris', 'Vestibulum ante ipsum primis in faucibus orci luctus et ultrices posuere cubilia Curae; Nulla dapibus dolor vel est. Donec odio justo, sollicitudin ut, suscipit a, feugiat et, eros. Vestibulum ac est lacinia nisi venenatis tristique. Fusce congue, diam id ornare imperdiet, sapien urna pretium nisl, ut volutpat sapien arcu sed augue.', 'Bartell Inc', '552 American Ash Way', '2020-05-01T14:34:44Z', '5:14 AM', 18, 6967, 'http://dummyimage.com/234x206.png/cc0000/ffffff'),
(8, 'turpis adipiscing lorem', 'Fusce congue, diam id ornare imperdiet, sapien urna pretium nisl, ut volutpat sapien arcu sed augue. Aliquam erat volutpat. In congue. Etiam justo. Etiam pretium iaculis justo.', 'Zieme-Braun', '80881 Superior Point', '2020-10-04T15:36:49Z', '6:34 PM', 6, 9406, 'http://dummyimage.com/196x130.bmp/dddddd/000000'),
(9, 'sapien in', 'Donec dapibus. Duis at velit eu est congue elementum. In hac habitasse platea dictumst. Morbi vestibulum, velit id pretium iaculis, diam erat fermentum justo, nec condimentum neque sapien placerat ante. Nulla justo. Aliquam quis turpis eget elit sodales scelerisque. Mauris sit amet eros.', 'McCullough, Stoltenberg and Hamill', '47 Delladonna Circle', '2020-09-22T10:22:04Z', '11:58 PM', 15, 5419, 'http://dummyimage.com/218x144.jpg/ff4444/ffffff'),
(10, 'nisl duis bibendum felis', 'Duis ac nibh. Fusce lacus purus, aliquet at, feugiat non, pretium quis, lectus. Suspendisse potenti. In eleifend quam a odio. In hac habitasse platea dictumst. Maecenas ut massa quis augue luctus tincidunt. Nulla mollis molestie lorem. Quisque ut erat.', 'Dibbert-Flatley', '9964 Dennis Parkway', '2020-05-10T18:44:24Z', '7:42 PM', 4, 5939, 'http://dummyimage.com/126x238.png/dddddd/000000'),
(11, 'turpis sed ante vivamus', 'Mauris lacinia sapien quis libero. Nullam sit amet turpis elementum ligula vehicula consequat. Morbi a ipsum. Integer a nibh. In quis justo. Maecenas rhoncus aliquam lacus. Morbi quis tortor id nulla ultrices aliquet. Maecenas leo odio, condimentum id, luctus nec, molestie sed, justo. Pellentesque viverra pede ac diam. Cras pellentesque volutpat dui.', 'Schaden, Brakus and Kiehn', '3 Nelson Trail', '2020-03-12T11:09:52Z', '9:35 PM', 13, 5406, 'http://dummyimage.com/120x203.bmp/cc0000/ffffff'),
(12, 'ante ipsum primis in faucibus', 'Aenean fermentum. Donec ut mauris eget massa tempor convallis. Nulla neque libero, convallis eget, eleifend luctus, ultricies eu, nibh. Quisque id justo sit amet sapien dignissim vestibulum. Vestibulum ante ipsum primis in faucibus orci luctus et ultrices posuere cubilia Curae; Nulla dapibus dolor vel est. Donec odio justo, sollicitudin ut, suscipit a, feugiat et, eros. Vestibulum ac est lacinia nisi venenatis tristique. Fusce congue, diam id ornare imperdiet, sapien urna pretium nisl, ut volutpat sapien arcu sed augue.', 'Murray-Kunde', '1 Forest Dale Junction', '2020-09-23T05:42:39Z', '7:06 AM', 12, 9064, 'http://dummyimage.com/239x205.jpg/ff4444/ffffff'),
(13, 'lacinia aenean sit amet justo', 'Curabitur gravida nisi at nibh. In hac habitasse platea dictumst. Aliquam augue quam, sollicitudin vitae, consectetuer eget, rutrum at, lorem. Integer tincidunt ante vel ipsum. Praesent blandit lacinia erat. Vestibulum sed magna at nunc commodo placerat.', 'Wuckert, Upton and Schneider', '10 Ramsey Place', '2020-09-23T09:23:31Z', '12:20 PM', 11, 4479, 'http://dummyimage.com/146x232.jpg/dddddd/000000'),
(14, 'bibendum morbi', 'In est risus, auctor sed, tristique in, tempus sit amet, sem. Fusce consequat. Nulla nisl.', 'Kuhn-Gleason', '170 Florence Alley', '2020-05-12T03:04:07Z', '1:29 AM', 1, 896, 'http://dummyimage.com/152x119.bmp/5fa2dd/ffffff'),
(15, 'feugiat et', 'Nullam orci pede, venenatis non, sodales sed, tincidunt eu, felis. Fusce posuere felis sed lacus. Morbi sem mauris, laoreet ut, rhoncus aliquet, pulvinar sed, nisl.', 'Prosacco, Mertz and Schiller', '4111 Northwestern Lane', '2020-08-28T00:34:38Z', '10:14 AM', 11, 6289, 'http://dummyimage.com/227x111.jpg/5fa2dd/ffffff'),
(16, 'pretium iaculis', 'Maecenas tincidunt lacus at velit. Vivamus vel nulla eget eros elementum pellentesque. Quisque porta volutpat erat. Quisque erat eros, viverra eget, congue eget, semper rutrum, nulla. Nunc purus. Phasellus in felis. Donec semper sapien a libero.', 'Wilkinson, Ferry and Orn', '0 Fremont Avenue', '2020-04-17T07:21:59Z', '4:18 PM', 17, 3512, 'http://dummyimage.com/103x199.png/cc0000/ffffff'),
(17, 'aliquam convallis nunc proin', 'Integer a nibh. In quis justo. Maecenas rhoncus aliquam lacus. Morbi quis tortor id nulla ultrices aliquet. Maecenas leo odio, condimentum id, luctus nec, molestie sed, justo. Pellentesque viverra pede ac diam. Cras pellentesque volutpat dui. Maecenas tristique, est et tempus semper, est quam pharetra magna, ac consequat metus sapien ut nunc. Vestibulum ante ipsum primis in faucibus orci luctus et ultrices posuere cubilia Curae; Mauris viverra diam vitae quam. Suspendisse potenti.', 'Ratke and Sons', '81266 Sutherland Crossing', '2020-06-23T10:11:14Z', '5:38 AM', 14, 3732, 'http://dummyimage.com/100x106.png/dddddd/000000'),
(18, 'sit amet consectetuer adipiscing', 'Cras in purus eu magna vulputate luctus. Cum sociis natoque penatibus et magnis dis parturient montes, nascetur ridiculus mus. Vivamus vestibulum sagittis sapien. Cum sociis natoque penatibus et magnis dis parturient montes, nascetur ridiculus mus. Etiam vel augue. Vestibulum rutrum rutrum neque. Aenean auctor gravida sem.', 'Mills Inc', '22 Warner Court', '2020-09-23T17:26:36Z', '12:42 PM', 16, 2731, 'http://dummyimage.com/180x189.jpg/cc0000/ffffff'),
(19, 'risus praesent lectus vestibulum quam', 'Nunc nisl. Duis bibendum, felis sed interdum venenatis, turpis enim blandit mi, in porttitor pede justo eu massa. Donec dapibus.', 'Hoeger Inc', '77 Forest Run Alley', '2020-12-19T20:21:39Z', '11:41 AM', 17, 7026, 'http://dummyimage.com/143x121.png/5fa2dd/ffffff'),
(20, 'ut volutpat', 'In congue. Etiam justo. Etiam pretium iaculis justo. In hac habitasse platea dictumst. Etiam faucibus cursus urna. Ut tellus. Nulla ut erat id mauris vulputate elementum. Nullam varius. Nulla facilisi. Cras non velit nec nisi vulputate nonummy.', 'VonRueden and Sons', '640 Petterle Point', '2020-04-25T06:57:12Z', '9:31 PM', 18, 9544, 'http://dummyimage.com/245x110.jpg/dddddd/000000');

INSERT INTO participants (id, user_id, event_id, participant_status)
VALUES 
(1, 16, 10, 'going'),
(2, 12, 6, 'going'),
(3, 4, 14, 'going'),
(4, 1, 6, 'going'),
(5, 17, 17, 'invited'),
(6, 18, 12, 'invited'),
(7, 15, 16, 'invited'),
(8, 17, 14, 'going'),
(9, 7, 17, 'going'),
(10, 20, 16, 'going'),
(11, 15, 14, 'invited'),
(12, 9, 1, 'invited'),
(13, 19, 6, 'going'),
(14, 9, 15, 'going'),
(15, 12, 13, 'going'),
(16, 3, 9, 'invited'),
(17, 8, 16, 'going'),
(18, 20, 5, 'invited'),
(19, 8, 13, 'invited'),
(20, 14, 12, 'going');

INSERT INTO followers (id, user_id, following_id)
VALUES 
(1, 3, 18),
(2, 13, 2),
(3, 7, 17),
(4, 10, 16),
(5, 16, 18),
(6, 20, 12),
(7, 16, 13),
(8, 18, 10),
(9, 4, 13),
(10, 9, 12),
(11, 15, 20),
(12, 18, 17),
(13, 19, 7),
(14, 9, 7),
(15, 19, 7),
(16, 13, 16),
(17, 14, 10),
(18, 14, 13),
(19, 19, 11),
(20, 6, 7),
(21, 9, 1),
(22, 2, 6),
(23, 5, 14),
(24, 13, 10),
(25, 18, 13),
(26, 20, 8),
(27, 18, 12),
(28, 8, 3),
(29, 4, 16),
(30, 17, 6),
(31, 13, 9),
(32, 17, 6),
(33, 7, 7),
(34, 1, 10),
(35, 3, 6),
(36, 14, 2),
(37, 20, 11),
(38, 11, 6),
(39, 12, 5),
(40, 2, 10),
(41, 13, 16),
(42, 3, 16),
(43, 16, 17),
(44, 11, 8),
(45, 2, 3),
(46, 5, 9),
(47, 11, 7),
(48, 7, 8),
(49, 19, 17),
(50, 12, 7),
(51, 13, 2),
(52, 6, 13),
(53, 20, 1),
(54, 8, 16),
(55, 12, 8),
(56, 20, 11),
(57, 7, 19),
(58, 16, 14),
(59, 19, 15),
(60, 13, 2),
(61, 17, 12),
(62, 16, 6),
(63, 15, 17),
(64, 1, 18),
(65, 13, 9),
(66, 19, 9),
(67, 20, 20),
(68, 19, 12),
(69, 10, 19),
(70, 8, 18),
(71, 11, 2),
(72, 7, 3),
(73, 7, 18),
(74, 1, 12),
(75, 6, 13),
(76, 12, 20),
(77, 9, 16),
(78, 3, 18),
(79, 4, 20),
(80, 11, 9);

INSERT INTO invites (id, event_id, user_id, sender_id)
VALUES 
(1, 8, 5, 6),
(2, 4, 18, 6),
(3, 15, 9, 6),
(4, 20, 13, 7),
(5, 2, 19, 5),
(6, 10, 1, 1),
(7, 16, 5, 19),
(8, 5, 11, 16),
(9, 2, 1, 11),
(10, 11, 8, 2),
(11, 12, 17, 16),
(12, 20, 3, 12),
(13, 6, 16, 7),
(14, 5, 8, 9),
(15, 3, 2, 14),
(16, 16, 17, 13),
(17, 18, 9, 20),
(18, 13, 18, 3),
(19, 15, 6, 14),
(20, 5, 5, 5),
(21, 6, 17, 1),
(22, 19, 18, 17),
(23, 2, 13, 12),
(24, 8, 13, 14),
(25, 19, 6, 15),
(26, 4, 1, 20),
(27, 1, 11, 4),
(28, 16, 7, 17),
(29, 13, 9, 13),
(30, 18, 13, 17),
(31, 18, 5, 18),
(32, 5, 14, 3),
(33, 10, 6, 11),
(34, 18, 9, 8),
(35, 17, 16, 15),
(36, 4, 17, 14),
(37, 14, 1, 5),
(38, 2, 17, 18),
(39, 4, 8, 3),
(40, 12, 6, 4);

INSERT INTO bookmarks (id, user_id, event_id)
VALUES
(1, 18, 4),
(2, 15, 4),
(3, 10, 6),
(4, 2, 19),
(5, 17, 11),
(6, 5, 15),
(7, 6, 15),
(8, 14, 9),
(9, 12, 10),
(10, 15, 8),
(11, 14, 11),
(12, 16, 13),
(13, 6, 12),
(14, 14, 20),
(15, 14, 14),
(16, 18, 13),
(17, 2, 16),
(18, 16, 11),
(19, 7, 1),
(20, 14, 3),
(21, 8, 3),
(22, 2, 16),
(23, 19, 2),
(24, 17, 20),
(25, 3, 7),
(26, 2, 11),
(27, 6, 16),
(28, 14, 6),
(29, 12, 11),
(30, 15, 11),
(31, 13, 8),
(32, 8, 19),
(33, 2, 5),
(34, 2, 17),
(35, 14, 4),
(36, 4, 12),
(37, 7, 19),
(38, 8, 14),
(39, 11, 15),
(40, 14, 7);

COMMIT;